Promoter,Sequence(5-3),GFP relative activity,Sd,Sampling,Sequence length
SP1,CCAAATGCAAAAAAGGTGTTGACAAATCCGGCCCCCCATGATATAATACAAT,1.53,0.11,3,52
SP2,CCAAATGGCAAAAACGTGTTGACACCGTGAATATCACCTGTTATAATGTCTC,1.70,0.12,3,52
SP3,AAAAATCGAAAAAAAGTGTTGACAATTGAAAAACATACTGATATAATTGCCA,2.16,0.20,3,52
SP4,CCAAATAACAAAAATGTGTTGACATCCTAGCCCAAGCATGTTATAATCAACT,2.27,0.15,3,52
SP5,AGAAATAGAAAAAAAGTGTTGACAGCTTGTGCAGGCGGTGATATAATCAAAT,2.55,0.21,3,52
SP6,TAAAATTCAAAAAAAGTGTTGACATTATCACCACACGTTGTTATAATGTGAG,2.68,0.30,3,52
SP8,AAAAATACTAAAAAAGTGTTGACATCAGTAACTAGATGTGATATAATGTCTG,2.83,0.43,3,52
SP9,AAAAATATTAAAAAGGTGTTGACACTCGTTCCATAATATGGTATAATTTAAG,3.02,0.23,3,52
SP10,CAAAATTGTAAAAAAGTGTTGACAACCTTCAAGAAGAATGTTATAATATACA,3.21,0.12,3,52
SP11,AAAAATCAAAAAAAAGTGTTGACAAAACAAAGGAAAAATGATATAATAGAGT,3.30,0.32,3,52
SP12,CAAAATTGTAAAAAAGTGTTGACAAAATTCAAAAGAAATGTTATAATATACA,3.57,0.12,3,52
SP13,CCAAATCGTAAAAAAGTGTTGACACCTGTGACCGTACGTGCTATAATAGGGA,3.78,0.02,3,52
SP15,CGAAATTGTAAAAATGTGTTGACACGCTGCACTAAATATGCTATAATAGGGC,4.15,0.2,3,52
SP16,CCAAATGACAAAAAAGTGTTGACAAACTCAGAATTATTTGATATAATACAAC,4.34,0.25,3,52
SP17,AAAAATAAAAAAAAAGTGTTGACAAATAAGAAAAACGATGATATAATATAGA,4.44,0.32,3,52
SP18,ATAAATTATAAAAATGTGTTGACAAATGCAACAAAACATGATATAATCAATA,4.72,0.23,3,52
SP19,CGAAATTGTAAAAATGTGTTGACAGCGTGCAGTAAATATGCTATAATAGGGC,4.91,0.31,3,52
SP20,CGAAATTAAAAAAATGTGTTGACACGTAAGTTAGAATATGATATAATACTTG,5.10,0.62,3,52
SP21,ATAAATGTTAAAAAGGTGTTGACATTAAATATGTGACATGATATAATACATG,5.29,0.43,3,52
SP22,GGAAATTAGAAAAAAGTGTTGACAAACGATTAGAGATGTGATATAATATAGG,5.47,0.94,3,52
SP23,CAAAATCAAAAAAACGTGTTGACAAAGCCCCTCAACAATGTTATAATACATA,5.66,0.94,3,52
SP24,TTAAATGTCAAAAAGGTGTTGACACTAAATACTTGACATGATATAATATATG,5.85,1.10,3,52
SP25,ATAAATGTCAAAAAGGTGTTGACATTAAACATGTGACATGATATAATATATG,6.23,0.93,3,52
SP26,CAAAATCAAAAAAAAGTGTTGACAAAACCCCAAAACCATGTTATAATACATA,6.61,0.99,3,52
SP27,CTAAATCAAAAAAAAGTGTTGACACAAACCCAAACCCATGATATAATACATA,6.80,0.94,3,52
SP28,GCAAATGCAAAAAAGGTGTTGACATTACCAGGCCTCAATGATATAATATCTG,6.98,0.97,3,52
SP29,TAAAATGATAAAAATGTGTTGACATACTCTGGCTTTTGTGGTATAATTGATG,7.36,0.91,3,52
SP30,AAAAATCAAAAAAAAGTGTTGACAAATCCCCTAAAACATGATATAATACATA,7.55,0.98,3,52
SP31,CTAAATCAAAAAACAGTGTTGACATAACCCCAAATCACTGTTATAATACATA,7.74,0.90,3,52
SP32,GGAAATAGGAAAAACGTGTTGACATTTAACACGCAATGTGCTATAATGTAGA,8.23,0.85,3,52
SP34,AAAAATGCTAAAAAAGTGTTGACACCTTCGCATGATACTGCTATAATCGACG,8.68,0.30,3,52
SP35,CGAAATGCAAAAAAGGTGTTGACAATTCCGACGCCTAATGATATAATATCTG,8.87,0.32,3,52
SP36,CTAAATTAAAAAAAGGTGTTGACATGCGGCGAGCTAGGTGCTATAATAGTGG,9.06,0.24,3,52
SP37,CCAAATCTGAAAAAAGTGTTGACAAATAATGACAACTCTGATATAATGCATT,9.25,0.28,3,52
SP38,CGAAATTAAAAAAATGTGTTGACAAGTAACTTAGAATATGATATAATACGGG,9.53,0.36,3,52
SP39,AGAAATATTAAAAAGGTGTTGACATGTAGCTTAAAACATGATATAATAAGTC,9.82,0.21,3,52
SP40,TTAAATTTGAAAAATGTGTTGACATTTTCCTTGAATTGTGATATAATTTTGG,10.00,0.43,3,52
SP41,AAAAATGCCAAAAAAGTGTTGACATCCGGGACGTATCATGCTATAATCGACG,10.15,0.54,3,52
SP42,ATAAATAACAAAAATGTGTTGACATAATACAAAAAAAATGTTATAATCAACT,10.25,0.12,3,52
SP43,AAAAATGCTAAAAAAGTGTTGACAGTCCGCACTGACTATGCTATAATCGACG,10.38,0.32,3,52
SP44,CTAAATAAAAAAAAAGTGTTGACAAATACAAAAAGATTTGATATAATATAGA,10.46,0.43,3,52
SP45,TTAAATTTGAAAAATGTGTTGACACTTTTCGTAATCTTAGATATAATTTTGG,10.66,0.81,3,52
SP46,CCAAATGCTAAAAAAGTGTTGACAATCCGTCTGTAATATGATATAATGCCGA,10.76,0.82,3,52
SP47,CGAAATGCAAAAAAGGTGTTGACATATCGCACCCGTAATGATATAATATCTG,10.95,0.84,3,52
SP48,ACAAATGCTAAAAAAGTGTTGACAAACCGTATATCATATGATATAATGGCGA,11.29,0.85,3,52
SP53,CGAAATCACAAAAACGTGTTGACAACCCTGCTCTCTTGTGTTATAATTATTG,11.76,0.69,3,52
SP54,AAAAATAACAAAAAAGTGTTGACAAAGAAAAATAAAAATGATATAATATTCC,11.89,0.59,3,52
SP55,CGAAATGCAAAAAAGGTGTTGACAATTCGCACGCTCAATGATATAATATCTG,11.99,0.49,3,52
SP56,CTAAATCAAAAAAAAGTGTTGACAATCCTACACATCCATGGTATAATTAAAT,12.08,0.43,3,52
SP57,AGAAATCCCAAAAAGGTGTTGACACCAACATGGCGTTATGATATAATATCCG,12.33,0.79,3,52
SP58,GCAAATAAGAAAAAAGTGTTGACATCGTTCCTACACTATGCTATAATTGGCT,12.46,0.69,3,52
SP59,CCAAATGACAAAAACGTGTTGACAGGAGCATAAAAAAGTGTTATAATAGGAC,12.53,0.59,3,52
SP60,AGAAATATAAAAAATGTGTTGACAAGAGATAAAAAAAGTGTTATAATAAAGG,12.65,0.49,3,52
SP61,GCAAATTGTAAAAAAGTGTTGACACGTATCGTTATATCTGATATAATATAGA,12.95,0.42,3,52
SP62,ATAAATAAAAAAAAAGTGTTGACAAGAAACTAACAATATGATATAATAAACA,13.02,0.23,3,52
SP63,TGAAATCCCAAAAAAGTGTTGACAAGGACCATGAAACCTGCTATAATGCGGG,13.21,1.23,3,52
SP64,CTAAATAAGAAAAAAGTGTTGACAACGTTCCTCCAATCTGCTATAATTGCCT,13.31,0.79,3,52
SP65,ATAAATAAAAAAAAAGTGTTGACAAGAAATTAAGAACATGATATAATAAACA,13.40,0.69,3,52
SP66,ACAAATCAAAAAAAGGTGTTGACACCACATGAAAGACATGATATAATCAGGA,13.59,0.59,3,52
SP67,CGAAATCACAAAAATGTGTTGACAAGTGGTCTAAGGCATGCTATAATAGATT,13.78,0.49,3,52
SP68,GAAAATAGAAAAAACGTGTTGACAAACGGTAACAATTATGCTATAATACACT,13.93,0.43,3,52
SP69,CAAAATAATAAAAAAGTGTTGACAACAAACTAAGAACTTGATATAATGTAGG,14.02,0.79,3,52
SP70,CGAAATGAAAAAAAGGTGTTGACAGTTATGCACCATTATGGTATAATTGTGG,14.12,0.69,3,52
SP72,CTAAATCGGAAAAAAGTGTTGACAAACGTTGAATCCTATGGTATAATAATCA,14.23,0.49,3,52
SP73,GAAAATTTAAAAAACGTGTTGACATACCACTCGGTTGATGATATAATAGGAG,14.38,0.42,3,52
SP74,TGAAATTGGAAAAAAGTGTTGACAACTGTCACCAAAGATGCTATAATGTGGG,14.44,0.23,3,52
SP75,TAAAATGACAAAAATGTGTTGACATACGTTGAATAGAGTGATATAATACAAC,14.46,0.44,3,52
SP76,AAAAATGACAAAAATGTGTTGACATATTGCTAATAAATGGATATAATAACAC,14.50,0.79,3,52
SP77,CTAAATCGGAAAAAAGTGTTGACAAAGCTTCAACGTCATGGTATAATAATCA,14.53,0.69,3,52
SP78,CCAAATAAGAAAAAAGTGTTGACACCGTTCCAGCATCATGCTATAATTGGCT,14.74,0.59,3,52
SP79,GAAAATATCAAAAAAGTGTTGACACCATGAGTCTGATGTGGTATAATACTAG,14.99,0.49,3,52
SP80,AGAAATCGTAAAAAAGTGTTGACAACCAAGCCGAAATGTGTTATAATTTAAG,15.19,0.43,3,52
SP81,GAAAATCACAAAAATGTGTTGACATCTTAACTATAATATGTTATAATGGCCC,15.33,0.79,3,52
SP82,TCAAATAAAAAAAAGGTGTTGACATAACTCTACATTCATGGTATAATAGGAT,15.53,0.69,3,52
SP83,AAAAATAGCAAAAAAGTGTTGACAGGTTGTATGCAATATGGTATAATATTCA,15.70,0.59,3,52
SP84,AGAAATTGCAAAAAAGTGTTGACAATGAATGTAACATATGCTATAATCGCGG,15.87,0.49,3,52
SP85,CTAAATCGTAAAAAGGTGTTGACAGTAAACTCGATAAGTGGTATAATAGACT,16.10,0.42,3,52
SP86,TAAAATAAAAAAAAAGTGTTGACAAACTTAGCGAAATGTGCTATAATGATAA,16.31,0.23,3,52
SP87,ATAAATTCCAAAAACGTGTTGACAGTTGATTATATTAGTGCTATAATGTATG,16.52,0.50,3,52
SP88,ATAAATCGTAAAAAAGTGTTGACAACGAGGTCTAGAGGTGTTATAATTTAAG,16.69,0.79,3,52
SP89,AAAAATGGTAAAAACGTGTTGACAGTAAGTGGGATAACTGATATAATAACGA,16.89,0.69,3,52
SP90,AAAAATGACAAAAATGTGTTGACATAGTCGTAATAAAGTGATATAATAACAC,17.04,0.59,3,52
SP91,TAAAATTAGAAAAAGGTGTTGACACAGTGGGTTATTTGTGGTATAATACGTA,17.27,0.49,3,52
SP93,CAAAATTGCAAAAAAGTGTTGACAAGTCCGAAGTAATTTGATATAATCGACT,17.63,0.79,3,52
SP94,TGAAATAAAAAAAAGGTGTTGACAATATTAACAATAGATGATATAATGTTAA,17.84,0.69,3,52
SP95,GGAAATTATAAAAACGTGTTGACAAAACCAATGAAATATGTTATAATCAGAA,17.99,0.59,3,52
SP96,CGAAATTTCAAAAAGGTGTTGACATATGAACCGCCATATGTTATAATGACGA,18.12,0.49,3,52
SP97,TAAAATAAAAAAAAGGTGTTGACAATATTAATAACACATGATATAATGTTTA,18.31,0.42,3,52
SP98,ACAAATCTCAAAAACGTGTTGACACAAACCCAGAACCATGATATAATCGACA,18.46,0.23,3,52
SP99,TGAAATATGAAAAAGGTGTTGACAATTCGATATCTCTGTGCTATAATCTTAT,18.59,0.79,3,52
SP100,GAAAATATCAAAAATGTGTTGACAGACAAAACAATGTATGATATAATTGGAG,18.71,0.69,3,52
SP101,CAAAATCCAAAAAATGTGTTGACAACTCCGGGGTCCCGTGATATAATAGCCC,18.78,0.59,3,52
SP102,TAAAATTTTAAAAAAGTGTTGACACTCGTGGGCCAAACTGGTATAATAGAGT,18.88,0.49,3,52
SP103,CAAAATTAGAAAAAGGTGTTGACACCAACATCAACCTATGCTATAATGCTAG,19.10,0.43,3,52
SP104,TGAAATATAAAAAAAGTGTTGACAACTTATGTGCAATTTGTTATAATAGTGA,19.35,0.79,3,52
SP105,GTAAATTCAAAAAATGTGTTGACATTAAAAATAAATTCTGTTATAATAAGGA,19.61,0.69,3,52
SP106,CTAAATCGCAAAAAAGTGTTGACAAATCGCTGACAAGATGCTATAATATTAA,20.05,0.59,3,52
SP107,GCAAATGCGAAAAAGGTGTTGACAACAGTGAATGCTTATGGTATAATTAGTG,20.48,0.49,3,52
SP108,GCAAATCTAAAAAACGTGTTGACACGACGCTGAATAAATGATATAATAAAAA,21.10,0.42,3,52
SP109,GAAAATTTTAAAAAAGTGTTGACACCGGTGGGCCAAATTGGTATAATAGAGT,21.42,0.23,3,52
SP110,AAAAATGACAAAAACGTGTTGACAAACAAGACCAAAAATGATATAATTAACA,21.97,0.79,3,52
SP111,GAAAATGATAAAAATGTGTTGACATAACCCAGCTAAAATGTTATAATGTCAA,22.37,0.69,3,52
SP112,ACAAATCGTAAAAAAGTGTTGACACCTGTGAAAATACATGCTATAATAGGGA,22.88,0.59,3,52
SP113,TGAAATTAAAAAAAAGTGTTGACAGCATGCCAGATATCTGTTATAATGAAGA,23.31,0.49,3,52
SP114,AAAAATTAAAAAAAAGTGTTGACAACATAAAAAATAAATGCTATAATCAACG,23.76,0.43,3,52
SP115,TTAAATTTTAAAAAAGTGTTGACATTCGCGGGCTAAACTGGTATAATAGAGT,24.12,0.79,3,52
SP116,CAAAATCAAAAAAAAGTGTTGACAACTGCTCTCACACGTGCTATAATTCTAC,24.61,0.69,3,52
SP117,GGAAATTATAAAAACGTGTTGACATCCAACGATAGATATGATATAATCAAAA,24.88,0.59,3,52
SP118,AGAAATCGTAAAAAAGTGTTGACAAGCAGGCCCAGATGTGTTATAATTTAAG,25.20,0.49,3,52
SP119,AAAAATAAAAAAAAAGTGTTGACAAGATAAAAAAACAATGCTATAATCAAGC,25.48,0.42,3,52
SP120,CAAAATGGCAAAAAGGTGTTGACAGCAGACAGAAGCTGTGATATAATATTTC,25.86,0.23,3,52
SP121,AGAAATAAAAAAAATGTGTTGACAACCGGAATTAGTATTGTTATAATAGAGG,26.43,0.39,3,52
SP122,TGAAATGAAAAAAATGTGTTGACATTCTTAAGTGAACATGATATAATTTCGA,26.80,0.33,3,52
SP123,TGAAATGCCAAAAAGGTGTTGACATCCATAGCCACCCATGATATAATACACT,27.18,0.59,3,52
SP124,AAAAATAACAAAAACGTGTTGACAATCTACAATAACCATGATATAATTCAAC,27.94,0.49,3,52
SP125,TTAAATCCCAAAAAAGTGTTGACAAGCAACAATGGGGCTGATATAATGGATG,28.50,0.42,3,52
SP126,AAAAATTATAAAAATGTGTTGACAAAGGGGGTCCTGTATGTTATAATAGCTT,29.07,0.23,3,52
SP127,GTAAATGCCAAAAAGGTGTTGACACTCATACGCACCACTGATATAATAAACT,29.63,0.32,3,52
SP128,AAAAATAAAAAAAAAGTGTTGACATAAAAAACATAAAATGATATAATAAACG,30.39,0.79,3,52
SP129,GTAAATGATAAAAATGTGTTGACATAACCTACTGAAACTGTTATAATGTCAA,30.77,0.69,3,52
SP130,ATAAATTGAAAAAATGTGTTGACAAAAATGTAATGACATGTTATAATACACT,31.71,0.59,3,52
SP131,TTAAATATCAAAAAAGTGTTGACAAAGGTATGACAAAATGATATAATCGAAT,31.90,0.49,3,52
SP132,CGAAATAAAAAAAAGGTGTTGACAATCTCAGAACTAGATGATATAATGTTAA,32.28,0.43,3,52
SP133,CAAAATCAAAAAAAAGTGTTGACAATCGTCCTCCAACGTGCTATAATTCTAC,32.84,0.79,3,52
SP134,ACAAATCCTAAAAAAGTGTTGACAAGAATAAATAACCATGATATAATACTTT,33.41,0.69,3,52
SP135,CTAAATGATAAAAATGTGTTGACACAATCCACGTAAAATGTTATAATGTTAA,33.79,0.59,3,52
SP136,CAAAATAATAAAAACGTGTTGACATCCCAATGACAATATGATATAATGAAAC,34.16,0.49,3,52
SP137,AAAAATGGAAAAAAAGTGTTGACACTACCCGTTAATTCTGATATAATGCTTA,34.54,0.42,3,52
SP138,GTAAATCCAAAAAAAGTGTTGACACTTCGCTCTACATCTGTTATAATTTGTT,35.05,0.23,3,52
SP139,ATAAATAACAAAAACGTGTTGACAACTCAGAATAACGATGATATAATTCAAC,35.30,0.43,3,52
SP140,CAAAATGTAAAAAAGGTGTTGACATCCAACCCATAGGATGATATAATCATAG,36.05,0.79,3,52
SP141,AAAAATAAAAAAAAAGTGTTGACACAAAAAATACAAAATGATATAATAAATC,36.62,0.69,3,52
SP142,TAAAATAACAAAAATGTGTTGACAACTTACAATAATCATGATATAATTCAAC,37.56,0.59,3,52
SP143,ACAAATGAAAAAAAAGTGTTGACAAAAAAGCTGTTACATGGTATAATAATCA,38.32,0.49,3,52
SP144,TGAAATCTTAAAAAAGTGTTGACACACTTGTAGCGAAATGATATAATCACGT,38.88,0.43,3,52
SP145,TCAAATAAGAAAAAAGTGTTGACAACGTTCCAACAATATGCTATAATTGGCT,39.64,0.79,3,52
SP146,AAAAATAACAAAAACGTGTTGACAATAAAGATTAACCGTGATATAATTAAAT,40.39,0.69,3,52
SP147,TAAAATCAAAAAAAAGTGTTGACAATGCTCCTCACAGCTGCTATAATTCTAC,40.96,2.7,3,52
SP148,AAAAATGAAAAAAAAGTGTTGACACAGCGCCTAAGCAATGTTATAATATCAG,42.09,2.8,3,52
SP149,AAAAATTACAAAAAAGTGTTGACAAGAAATAAAAAAAATGCTATAATGAACC,42.85,0.52,3,52
SP150,CGAAATACAAAAAAAGTGTTGACAAAATTCACATAAGATGATATAATTTCCT,43.60,2.26,3,52
SP151,TCAAATGACAAAAATGTGTTGACATGGAAAGGAGAACATGGTATAATCCGGT,44.17,1.41,3,52
SP152,ATAAATTATAAAAATGTGTTGACAACGTTCAAATATCGTGGTATAATTACTT,44.92,1.52,3,52
SP153,TCAAATAAAAAAAAGGTGTTGACATAACTCTACATTCATGGTATAATAGGAT,45.49,1.43,3,52
SP154,AAAAATCATAAAAAGGTGTTGACAAATAAAAACAAACGTGTTATAATACAAA,46.06,1.20,3,52
SP155,AAAAATGTAAAAAATGTGTTGACATACATACGGGCGCATGCTATAATAGGCC,46.81,1.42,3,52
SP156,CGAAATGAAAAAAAAGTGTTGACAACATCAGAAAGTCATGCTATAATCCAAG,47.38,1.53,3,52
SP157,ATAAATTGAAAAAATGTGTTGACATAAGAAATCCTTCCTGATATAATTTAGT,47.94,1.27,3,52
SP158,TTAAATTCAAAAAAAGTGTTGACAACATAGCAAGGATATGCTATAATATACG,48.89,2.41,3,52
SP159,ACAAATATAAAAAACGTGTTGACAACTTTGAGGAAAAATGATATAATACCAA,49.64,2.52,3,52
SP160,AAAAATAATAAAAACGTGTTGACAAAAAATATCAATCGTGATATAATTAAAT,50.21,2.33,3,52
SP161,AAAAATAAGAAAAACGTGTTGACAACAAATACTAACGGTGATATAATTAAAT,50.77,2.44,3,52
SP162,CCAAATTAAAAAAAAGTGTTGACATCTCCAAAATAGCATGGTATAATTTAGC,51.34,2.72,3,52
SP163,ACAAATGAAAAAAAAGTGTTGACAGAGCCTCTATAGCATGCTATAATAATAT,52.28,2.81,3,52
SP164,TAAAATATAAAAAAAGTGTTGACATTTGGAAATCAAACTGGTATAATGCACA,53.23,1.24,3,52
SP165,AGAAATGTTAAAAACGTGTTGACAAGCCGAACTAAATATGATATAATCCGGC,53.98,2.42,3,52
SP166,GCAAATAAAAAAAAGGTGTTGACAAACTGAACACTGTGTGGTATAATTGACC,54.93,2.51,3,52
SP167,GAAAATCACAAAAACGTGTTGACAGACGGATAGAAGCATGATATAATTGAGT,55.87,2.46,3,52
SP168,ATAAATAAAAAAAACGTGTTGACAAAAAAATAGAAATATGATATAATAAAAA,57.00,2.57,3,52
SP169,TCAAATTGAAAAAATGTGTTGACATACCTAACTGATGATGATATAATAGTCT,57.95,2.33,3,52
SP170,AAAAATAAAAAAAACGTGTTGACAATATAATCCAAATATGATATAATTAAAC,58.70,2.47,3,52
SP171,TTAAATCATAAAAAGGTGTTGACAAAGGTCGCCGCTATTGGTATAATAGAAG,59.27,2.75,3,52
SP172,TAAAATCTTAAAAAAGTGTTGACAAGCTAATGGCAATATGCTATAATGAGAA,59.83,2.84,3,52
SP173,AAAAATCATAAAAAGGTGTTGACAACAAAATACAAAGCTGTTATAATACAAA,60.02,1.31,3,52
SP174,ACAAATGAAAAAAAGGTGTTGACAAAGGGTATATAACATGCTATAATTTACA,60.78,2.26,3,52
SP175,AAAAATGAAAAAAACGTGTTGACATGGAAATTGTTATGTGTTATAATTACGA,61.53,1.42,3,52
SP176,GGAAATCGTAAAAAGGTGTTGACAAAGGAACACCAACGTGATATAATGACTT,62.29,1.53,3,52
SP177,TAAAATAATAAAAATGTGTTGACACAGTCAACAAACAATGATATAATCCATG,63.42,1.44,3,52
SP178,CTAAATATTAAAAATGTGTTGACAATTCTCTAACCATCTGTTATAATCTCAT,64.18,1.25,3,52
SP179,GGAAATCAAAAAAACGTGTTGACAAGGGTATCGGAGCCTGGTATAATCTGTT,64.93,1.46,3,52
SP180,TAAAATCGTAAAAACGTGTTGACAGACAGAATAACATATGATATAATCCAAC,66.06,1.52,3,52
SP181,GAAAATACTAAAAAAGTGTTGACAAGTCTAACGACGAGTGGTATAATCTAGA,66.63,1.21,3,52
SP182,ATAAATGTTAAAAACGTGTTGACAACCCCACTCTAGAGTGCTATAATATTAC,67.38,2.42,3,52
SP183,GAAAATACTAAAAAAGTGTTGACAGATTCAAGCACGTATGGTATAATCTAGA,68.14,2.53,3,52
SP184,CGAAATCTCAAAAAGGTGTTGACAAGAGGCACAACTAATGCTATAATCTTAA,68.71,2.34,3,52
SP185,CAAAATAAGAAAAATGTGTTGACACTAGGAACCGGTTATGATATAATGCCAT,69.08,2.45,3,52
SP186,TAAAATGCAAAAAAAGTGTTGACAAAATGGGAGTCCTATGTTATAATAGTAA,69.08,1.56,3,52
SP187,GTAAATAAAAAAAAGGTGTTGACAATTATAAGAAATTCTGGTATAATGCTGT,69.65,1.43,3,52
SP188,GAAAATAGTAAAAATGTGTTGACATCTAACTGTGTTTATGGTATAATGCCGT,70.22,1.25,3,52
SP189,TGAAATACCAAAAAAGTGTTGACAGGAAGATGAAAGTTTGATATAATACTAA,70.59,1.43,3,52
SP190,ACAAATAATAAAAATGTGTTGACATGCGAATGAATCTGTGTTATAATTGTGG,71.54,1.55,3,52
SP191,GGAAATCATAAAAAAGTGTTGACAAGCAAACCACGCTATGCTATAATTTGCA,72.29,1.24,3,52
SP192,ATAAATTCGAAAAAAGTGTTGACAAAAACATATGTGGCTGATATAATGGGGT,72.86,2.41,3,52
SP193,GAAAATAAAAAAAAAGTGTTAGCAACACGAGAGCGCTATGATATAATTGGTT,73.61,2.53,3,52
SP194,AAAAATCAAAAAAAAGTGTTGACATGAAACACAAGATCTGATATAATCTGAC,73.99,2.44,3,52
SP195,GTAAATCATAAAAAAGTGTTGACAGACAAACCATCGCATGGTATAATTTGCA,74.18,2.51,3,52
SP196,CAAAATTGAAAAAACGTGTTGACAAAAAAGTTAAGTGATGATATAATCACAA,74.56,2.35,3,52
SP197,ATAAATATGAAAAAGGTGTTGACAAAACGATATAATTGTGCTATAATCTTAT,74.93,2.41,3,52
SP198,AAAAATGTTAAAAACGTGTTGACAACCCCACTTTAGGATGCTATAATATTAC,75.69,2.72,3,52
SP199,TTAAATCCCAAAAACGTGTTGACAAAGTTATCTTCATATGTTATAATTTTAT,76.44,2.81,3,52
SP200,AAAAATTAGAAAAATGTGTTGACACTCGGACGAAACAATGGTATAATGGCAA,76.82,0.90,3,52
SP201,TGAAATAGGAAAAACGTGTTGACAATATTGCTTAAATATGTTATAATGAAAA,77.20,2.26,3,52
SP202,GAAAATAAAAAAAAAGTGTTGACACACCGAGACGCGTATGGTATAATTGGTT,77.95,1.42,3,52
SP203,ATAAATCCAAAAAATGTGTTGACAAAATAAAAAGAGTGTGTTATAATTTGAC,78.90,1.51,3,52
SP204,CCAAATAGCAAAAAGGTGTTGACAACTGGACTAAGTCATGTTATAATCACTT,79.46,1.42,3,52
SP205,TTAAATAAAAAAAATGTGTTGACAATAGCATCTGTATGTGCTATAATTAAAA,80.22,1.23,3,52
SP206,AAAAATAAAAAAAATGTGTTGACAAAAAAAAAAGAAAATGGTATAATAAAAA,80.97,1.42,3,52
SP207,CAAAATACTAAAAAGGTGTTGACAAGGTCATGCTACTATGGTATAATTGAAA,82.11,1.51,3,52
SP208,AGAAATTCGAAAAATGTGTTGACATAATGAACAAGAGGTGCTATAATTGGTA,84.75,1.22,3,52
SP209,TTAAATGCTAAAAAGGTGTTGACAAACCTGTTAACGTGTGGTATAATAAACC,85.32,2.41,3,52
SP210,TGAAATTGAAAAAATGTGTTGACACATAGAAAAAGATGTGGTATAATTGTAC,88.52,2.51,3,52
SP211,AAAAATTACAAAAAAGTGTTGACAAATTAATTATAATATGGTATAATTATTT,89.75,2.32,3,52
SP212,AGAAATATGAAAAACGTGTTGACAATGTGAATTCCGCATGGTATAATGACAA,91.17,2.43,3,52
SP213,TTAAATCTCAAAAAGGTGTTGACATTCAAAACAAAATATGGTATAATGCCCC,92.87,2.74,3,52
SP214,CAAAATCGCAAAAAAGTGTTGACAACTTAACTCAGATCTGGTATAATAGAAA,94.00,2.84,3,52
Pm1,AAAAATAAAAAAAAAGTGTTGACAAAAAAATCAAAATATGGTATAATTGAAA,120.95,1.72,3,52
Pm2,AAAAATAATAAAAAAGTGTTGACAAAAAAATCAAAATATGGTATAATTGAAA,121.54,2.72,3,52
TP1,CAAAATCGCAAAAAAGTGTTGACAACTTAACTCAGATCTGGTATAATAGAAA,112.80,1.90,3,52
TP2,CAAAATCGCAAAAAAGTGTTGACAACTTAACTCAGATCTGGTATAATAGAAA,276.96,3.06,3,52
TP3,CAAAATCGCAAAAAAGTGTTGACAACTTAACTCAGATCTGGTATAATAGAAA,284.13,2.77,3,52
TP4b,CAAAATCGCAAAAAAGTGTTGACAACTTAACTCAGATCTGGTATAATAGAAA,287.43,3.64,3,52
