Sequence-ID,Activity,Sequence
m000,1.000,GAGCTGTTGACAATTAATCATCCGGCTCGTATAATGTGTGGAATTGTGAGCGGATAACAATTTCACACAGGAAACAGCGCCGCTGAGAAAAAGCGAAGCGGCACTGCTCTTTAACAATTTATCAGACAATCTGTGTGGGCACTCGACCGGAATTATCGATTAACTTTATTATTAAAAATTAAAGAGGTATATATTAATGTATCGATTAAATAAGGAGGAATAAAm001,1.951,GAGCTGTTGACAATTAATCACCCGGCTCGTATAATGTGTGGAATTGTGAGCGGATAACAACTTCACACAGGAAACAGCGCCGCTGAGAAAAAGCGAAGCGGCACTGCTTTTTAACAATTTATCAGACAATCTGTGTGGGCACTCGACCGGAATTACCGATTAACTTTATTATTAAAAATTAAAGAGGTATATATTAATGTATCGATTAAATAAGGAGGAATAAAm003,0.699,GAGCTGTTGACAATTAATCATCCGGCTCGTATAATGTGTGGAGTTGTGAGCGGATAACGACTTCCCACAGGAAACAGCACCGCTGAAGAAAGGCGAGGCGGCGCTGCCCTTTAACGACTTACCAAACAGTCTGTACGGGCACTCGACCGGAATTATCGATTAACTCTACTGTCAAAAGTTAAGGGGGTATATATTGATGTATCGACTAAGCAAGGAGGGGTAGCm004,2.707,GAGCTGTTGACAATTGGTCATCCGGCTCGTATAATGTGTGGAACTGTGAGCGGATAACGATCTCACACAGGAAGCAGCGCCGCTGGGGAAAAGCGAAGCGGCACTGCTCTTTAACGATTTATCAAACGACCGGTGTGGGCACTCGGCCGGAATTACCGATTAGCTCTATTACCAAAAATTAAAGAGGTATGTATTAATGTACCGACTAAGTAAGGAGGAACAGAm005,0.117,GAGCCGCTGGCAACTAGTCATCCGGCTCGTGTAATGTGTGGAATTGTGAGCGGGTAACAGTTTCACACAGGGAACGGCGCCGTTGAGGAAAAACGGAGCGGCACTGCTCTTTAACAACTTATCAGACAATCCGTGTGGGCACTCGACCGGAATTATCGGTTAACTTTACTATCAAAAATTAGGGAGGTATATATTAGTGTATCGATTGAATAAGGGGGAATAGA
m006,0.013,GGGCTGCCGGCAATTAATCACCCGACTTGTGTAGTGGGCGGAGTCGTGAGCGGATAGCAACCTCACGTAGGAGACGGCATCGCTGAAAAGGGGCGAAGCGGCACTGCTCTTTAACAGCTCATTAGGCAACCTGCGTAAACACTCGACCGGGGTTATCGACTAACCCTATTGCCAGGGACTGAAGAGATGCGCACTAGTGTATCGGTTAAGTAAGGAGGAATAAA
m007,0.000,GGGCTGTTGACAATTAATTATCCGACTCGCGCAAGGCGTGGAATTGTGAGCGGATTACGGCCTCACACAGGAAACAGCGCCGCTGGGGAGGAGTGAGGCGGCACTACTCTTTAACAATTTATCAGGCAATCCGTGTAGGCACCCGATCGGAATTATCGACCAACCCCATTACTAAAGATTAAGGGGGTATATACTAATGTATCGATTAAGTAGGGAGGAATAAA
m010,3.559,GAGTTGTTGACAGTTAATCATCCGGCCCGTACAGTGTGTGGGACTGTGAGCGGACAGCAACTTTACACAGGAAACAGCGCCGCTGAGAGAAAGCGAAGCAGCACTGCTCCTTAACAATTTATCAGACAGTTTGTGTGGGCACTCGACTAGAATTATCGATTAACTTTATTATTAAAAATTAAAGAGGTATATATTAATGTATCGATTAAATAAGGAGGAATAAA
m014,0.070,AAGCTGTTGACAATTAATCACCCGGCTCGTATAGTGTGTGGAATTGTGAACGGATCACAGTCTCACACAGGAGACAGCGCCACCGAGAGAAAGCGAAGCGGCACTGCTCTTTAACAACTTATCAGACAAGCTGTGTGGGCACCCGACCGAAATTATCGACTAACTCCATTATTAAAAATTAAGGGGGTATATACTAAGGTACCGATTAAATGAGGGGGAACAAA
m015b,0.184,GGGCTGTTGACAATTAACCATTCGGCTCGTGTAATGTGTGGAACTGTGAGCGGATAACAGTTTCACACAGGAAACAGCACCGCTGAGGAAAAGCGAAGCGGCATTGCTCTTTAGCAATTTATCAGACAATCTGCGTGGGCACTCGACCGGAATTATCGGTTAACTTTACTATTAGGGACTAAAGAGGTATGTATTAGTGTATCGATTAAATAAGGAGGAATCAA
m017,0.697,GCGCTGTTGACAAGTGATCATCCGATTCGTATAATGTGTGGAATTGTGAGCGGATAACAATTTTACACAGGCAATAGTGCCGCTGAGAAAAAGCGAAGCGGCACTGTTCCTCAACAACTTATCAGACAGCCCGTGTGGGCACTCGATCGGAGTTATCGGTCAACTCTATCATTAAAGACCAAAGGGGTATATATTAATGTATCGACTAAGCAAGGGGGGCTAGA
m018,0.760,GAGCTGTTGGCAACTGATCATCCGGCTTGTATAATGTGTGGAGTGGTGAGCGGATAATAACTCCGCACAGGAGACAGCGCCGCTGAGGAAGAGCGAGGCGGCACTGCCCCTTAACGATCTATCAGACAATCTGCGTGGGCACTCGACCGGGATTGCCGACTAACTTTATTACTAGAAGTTAAAGAGGTGTATACTAATGTATCGGTTGAATGAGGGGGAATAAA
m019,2.298,GAACTGTTGACAATTAATCATCCGGCTCGCATAATGTGTGGGACCGTGAGCGGGTAACAACTCCACACAGGGAACAGCGCCGCCGAGAAGGGGCGAAGCGGCACCGCTCTTTAACAGTTTATCAGACAATTTGTGTGGGTACTCAACCGGAATTACCAATTAACCTCGTTACTGAGGATTAAAGGGGTGTAGATCAGTGTATCGATTAAATAAGGAGGAATAAA
m021,0.114,AAGTTGTTGATAGTTAACCACCCGGCTCGTATAATGCGTGGAGTTGTGAGCGGATAACAATCTCACACAGGGAACAGCGCCGCTGAGAAGGAACGAAGCAGCACCGCTCCCTAACAGTTCATCAGGCGACCTGCGTGGGCGCCCGACCGAGACTGTCGGTTAACCCTACTATCAAGGACCAAAGGGGTATATATTGGTACATCGACTGAGTAAGGAGGAGTAAG
m024,2.569,GGGCTGTTGACAGTTAACCATCCGGTTCGTATAATGCGTGGAGTTGTGAGCGGATAACGATTTCACACAGGGAACGGCGCCGCCGAGAGAAAGCGGAGCGGTACTGCTCCTCAACAATTCATCAGACGATCTGTGTGGGCACTCGACTGGAGTTATCGATTAGCTCTACTATTAAGGATTAGCGGGGTATATGCTAATGTGTCGATTAAATAAGGAGGGATGGG
m026,0.272,GAGCTGTCGACAATTAACCGTCCGGCCCGTATAATGCGTGGAACTGTGGGCGGATGACAATTCCGCACAGGAAACAGTGCCGCTGGGAAGAAGCGAGGCGGCACTGCCCTTTGACAGTCTATCAGACAATCTGCGTGGGCACTCGACCGGAATTATCGATTAACCTCACTATTAGAAATTGGAGGGACATATATCACTGTACCGACTAAACAAGGAGGAATCAG
m028,1.773,GAGCTGCTGGCAATCAATCATCCGGCTCGTATAACGTGTGGAACTGTGAGTGGATAACAATTTCACACAGGAAACAGCGCCGCCGAGAAGAAGCGAGGCGGCGCTGCTCCCTGACAATTTATCAGACAATCTGTGTGGGCACTCGATCGGAGTTATCGATTAACTCTACTATTGAAAGTCGAGGGGGTATACATTAATGCATCGGTTAGATAAGGGGGAATAAA
m029,0.036,GAGCTGTCGACAACTAGTCATCCGGCTCGTATAGTGTGTGGAATTGTGAGCGGATAGCAGTTTCACACGGGAAACAGCGCCACTAAGAAGAGGCGGGGCGGCACTGCTCCTTAGCAACTTATCAGGCAGTTTGTGTGGGCGCCCGACTGGGACTATCGGTTGGCCCTGCTATTCAAGGCTAAAGGGACGCGTACCAATGCATCGGTTGAATAAGGGGGAATAAA
m030,0.309,GAGCTGTTGACAACTAATCATCCGACCCGTATAACATGCGGAATTGTGAGCGGACAACAGTTTCACACGGGGGGTGGCGCCGTCGAGGAGAGATGCAGCGGCACTGCTCTTTAGCAGCCTATTAGGCAGTCTGTATGGGCACCCGACCGGGATTACCGATTAGCCTCACTATTAAGAGCTAAAGGGGTGTGTACTAACGTACCGATCAAATAAGAAGGAATAAA
m031,0.512,GGGCTGTGGACAGTTGATCATCCGGCTCGTATAATGTGTGGAATTGTGAGCGGATAACAGCTTCGCACAGGAAACAGCGCCGCTGAGGGAAAGCGAAACGGCACTGCCCCTTAGCAATCTATCAGACAATCTGCGTGGACACCCGACCGGAGCTATCAGTTAACTCTATTATCAGAAATTAGAGAGGTATACATTCATGTATCGATTGAATAAGGAGGAATGAG
m054,0.239,GAGCTGTTGACAGTTAATCGTCCGGCTCGTGTAATGTGTGGAATTGTGAGCGGATAACAATCTCACACAGGAAACAGCGCCGCTGAGAAAAAGCGGAGCGGCACTGCTCCTTAACAATTTATCAGACAGTCTGTGTGGGCACTCGACCGGAATCATCGATTAACTCTATTATTAGAAATTAAAGAGGTATATATCAATGTATCGATTAAGTAAGGAGGAATGAA
m085,1.237,GAGCTGTTGGCAATTAACCATCCGGCTCGTATAATGTGTGGAATTGTGAGCGGGTAATAACTTCACACAGGAAACAGCGCCGCTGAGAAGAAGCGAAGCGGCACTGCTCTTTAGCAGCTTATCAGACAATCTGTGTGGGCACTCGGCCGGAGTTATCGATTAACTTTACTATTAACAGTTAAAGAGGTATATATTAATGTATCGATTAAATAAGGAGGAATAAG
m092,0.939,GAGCTGTTGACGGTTAATTATCCGGCTCGTATAATGTGTGGAATTGTGAGCGGGTAACAATTTCACACAGGGAACAGCGCCGCTGAGCGGAAGCGAAGCGGCACTGTTCTTTGACAATCTGTCAGACGATCTGCGTGGGCACTTGACCGGAATTATCGACTAGCTTTGTTGTTAGAAATTAAAGAGGCATATATTAATGTACCGATTAAATAAGGAGGAATAAA
m150,1.299,AAGCTGTTGACGATTGATCACCCGGCTCGCATAATGTGTGGAGTTGTGAGCGGGTAACAACTCCACACAGGGAACAGCGCCGCTGAGAAAAAGCGGAGCGGCACTGCTCTTTGACGATCCATCGGGCAGCCCGTGTGGGCACTCGATCGGAGTTACCGATTAACTTTATTATTAAAAATTAAAGAGGTATATATTAATGTATCGATTAAATAAGGAGGAACAAA
m198,0.043,GAGCTGCTGACAATTAATCACCCGGCTCGTATAATGCGCGGAACTGTGAGCGGATAGCGGTTCCACACAGGAAACAGTGCCGCTGAGAAAAAGCGAAGCGGCGCTGCTCTTTAACAATTTATCGGGCAATCTGTGTGGGCACTCGACCGGAATTACCGATCAACTTTGTCATCAAGAGTTAAGGGGGTGCATATTGATGTATCGATTAAACAAGGGGGGATAAG
m213,0.136,GAGCTGTTGACAATTAATCATCCGGCTCGTCTAATGTGGGGAATTGTGAGCGGATAACAATTTCACACAGGAAACAGCGCCGCTGAGAACAAGCGAAGCGGCACTGCTCTTTCACAATTTATCAGACAATCTGTGTGGGCACTCGACCGGAATTATCGATTAACTTTATTATTCAAAATTAACGAGGTATATATTAATGTATCGATTAAATAAGGAGGAATAAA
m232,0.617,GAGCTGTTGACAATTAATCATCCGGCTCGTATAATGTGTGGAATTGTGAGCGGATAACAATTTCACACAGGAAACAGCGCCGCTGAGAAAAAGCGAAGCGGCACTGCTCTTTAGCAATTTATCAGACAATCTGTGTGGGCACTCGACCGGAATTATCGATTAACTTTATTATTAAAAATTAAAGAGGTATATATTAATGTATCGATTAAATCAGGAGGAATAAA
m244,0.061,GAGCTGTTGACAATTAATCATCCGGCTCGAATAATGTGTGGAATTGTGAGCGGATACCAATTTCACACAGGAAACAGCGCCGCTGAGAAAAAGCGAAGCGGCACTGCTCTTTAACAATTGATCAGACAATCTGTGTGGGCACTCGACCGGAATTATCGATTAACTTTATTCTTAAAAATTAAAGAGGTATATATGAATGTATCGATTAAATAAGGAGGAATAAA
m354,0.714,GAGCTGTTGACAATTAATCGTCCGGCTCGTATAGTGTGTGGAATTGTGAGCGGATAACAACTTCACGCAGGAAACAGCGCCGCTGAGAAAGAGCGAGGCGGCGCTGCCCTTTGACAATTTGCCAGACAATCTGCGTGGGCACTCGACCGGAATTATCGATTAACTTTACTATTAAAAATTAAAGAGGTATATACTAATGTACCGACTAGACAAGGAGGAGTAGA
m360,0.209,GAGTTGTTGACAATTAATCATCCGGCTCGTATGATGCGTGGAGTTGTGAGCGGGTAACAACTCCACACGGGAAACAGCGCCGCTGAGAGAAAGCGAAACGACACTGTTCTTTAACAGTTCATCAGACAATCTGCGTGGGCACTCGACCGGGACTATCGATTAACTTTATTGTTAAAAGTTAAGGAGGTATATATTGATGTATCGATCAAATAAGGAGGAATAAA
m363,0.211,GAGCTGTTGACAATTAATCATCCGGCCCGCGTAATATGTGGAATTGTGAGCGGATAACAGTTCCACACAGGAAACAGCGCCGTTGAGAAGAAGCGAAGCGGCACTGCCCTTTAGCAATTTATCAGACAATCTGTGTGGGCACCCGACCGGAATTATCGAGTAACTTTGTTACTAAAAATTAAAGGGGTAGACATTAATGTATCGATCAAATGAGGGGGAGTAAA
m396,0.184,GAGCTGTTGACAATTAATCATCCGGCTCGTACAATGCGTGGAATTGTGAGCGGATAACAATTTCACACAGGAAACAGCGCTGCTGAGAAAAAGCGAAACGGCACTGCTCTTCAACAGTTTATCAGACAATCTGTGTGGGCACTCGACCGGAATTATCGATTAACTTTATTATTAAAAACTAAAGAGGTATATACTAATGTACCGGTTAAACAAGGAGGAATAAA
m412,0.065,GAGCTGTTGGCAATTAATCATCCGGCTCGTCTAATGCGTGGAATTGTGAGCGGACAACAATTTCACACAGGAAACAGCGCCGCTGAGAAAAGGCGAAGCGGCACTGCTCTTTAACAATTTGTTAGACAATCTGCGTGGGCACTCGACCGAAATTGTCGATTAACTTTATTATTAAAAACTAAAGAGGTATATATTAGTGTATCGATTAAATAGGAAGGAGTAAG
m413,0.062,GAGCTGTTGACAGTTAATCATCCGGCTCGTATAATGTGTGGAATCGTGAGCGGATAACAGTTTCACACAGGAAACAGTGCCGCTGAGAAAAGGCGAAGCGGCGCTGCCCTTTAACAATTTATCAGACAATCTGTGTGGGCACTCGACCGGAGTCATCGATTAACGTTATTATCAGAAATTAAAGAGGTATATGTCAGTGTATCGACTAAATAAGGAGGAATAGA
m421,0.234,GAGCTGCTGACAATTAGTCATCCGGCTCGTATAATGTGTGGAATTGTGAGCGGATAACAGTTTCACACAGGAGGCAGCGCCGCTGAGAAAAAGCGAGGCGGCACTGCTCTTTCACAATTTATCAGACAATCTGTGTGGGCACTCGACCGGAGTTATCGACTAACCTTATTAGTAGAGATTGAAGAGGTGTATATTAATGTATCGGTTAAATAAGGAGGAATAGA
m424,0.128,GAGCTGTTGACAGCTAATCATCCGACTCGTATAATGTGTGGAATCGTGAGCGGATAACAATTTCACACAGGAAACAGCGCCGCTGAGAAAAAGCGAAGCGGCACTGCCCTTTAACAATTTATCAGACAATCTGTGCGGGCACTCGACCGGAACTATCGATTGACTTTATTATTAAGAGTCAAGGGGGTGTATGTTAGTGTATCGATTAAGTAAGGAGGAATAAA
m427,0.994,GAGCTGTTGACAATTAATCATCCAGCTCGTACGATGTGTGGGATTGTGAGCGGATAACAATTCCACACAGGAAACGGCGCCGCTGAGAAAAAGTGGAGTGGCGCTGCTCTTTAACAATTCATCAGACAACCTGTGTGGGCACCCGACCGGAATTGTCGGTTAGTTTTACTATTAAAAATTAACGAGGTATATACTAATGCATCGATCAAATAAGGAGGAGTAAA
m428,0.258,GAGCCGTTGACAGTTAATCATCCGGCTCGTGTAATGTGTGGAGTCGTGAGCGGATAACAATTTCACACAGGAAACAATGCCGCTGAGAAAAAGCGAAGCGGCACTGCTCTTTAACAATCTATTAGACAGTCCGTGTGGGCACTCGACCGGAATTATCGACTGACTTTATTATTAGAGACTAGAGAGGTATACACTAATGTACCGATTAAATAAGGGGGGACAAA
m430,0.249,AAGCTGCCGATAACTAACCATCCGGCTCGTATAATGTGTGGAGTTGTGAACGGATAACAATTTCACACAGAGAACAACGCCGCGGAGAAGGAGCAAAGCGGCACTGCTCTTTAACAACTTGTCAGACAGTCTGGGTGGGCACTCGACCGGAGTTGTCGATTAGCTTTATTATCAAAGACTAAAGAGGTATACATTAACGTATCGACTAAATGAGGAGGAATAAG
m434,0.219,GAGCTGCTGACAATTAATCATCCGGCTCGTATAATGCGTGGAACTGTGAGCGGACAACAATTTCACACAGGAGACAACGCCGCTGAGAGAAAGCGGAGCGGCACTGCTCCTTGACAATTTATCGGACAATCTGTGTGGGCACTCGACCGGAATTATCGATTAACTTTATTACTAAAAGTTAAGGAGGTATATATTAATGTATCGATTAAATAAGGAGGAATAGA
m435,0.187,GAGCCGCTGATGATTAATCGTCCGACTCGTACAGTGTGTGGAATTGTGAACGGATAACAATTTCGCACAGGAAACAGCGCCACTGAGAAAAAGCAAGGCGGCACTGCTCTTTAACAATTTATCAGACAATCTGTGTGGGCGCTCGACCGGAACTATCGATTAGCTTTACTATCCAAAATCGAAGAGATACATACTAATGCATCGACTAAATAAGGGGGGATAAA
m441,0.156,GAGCTGTTGGCAGCTAGTCATCCGGCTTGTATAATGTGTGGAATTGTGAGCGGATAACAATTCCACACAGGAAGCAGCGCCGCTGAGAGAGAGCGAAGCGGCACTGCTCCCTAACAGTCTGTCAGATAATCTGCGTGGGCACCCGACCGGAGCCATCGATTAACTCTATTATTGAAAACTGAAGAGGTATATACTGATGTACCGACTGAATAGGGAGGGATAGA
m442,0.417,GAGCTGTTGGCAATTAATCATCCGGCTCGTACAACGTGTGGAATTGCGGGCGGATAACAGTTTCACACGGGAAACAGCGCCGCTGAGAAAGAGCGAAGCGGCGCTGCTCTTTAACAATTTATCAGACAGTCTGCGTGGGCACTCGACCGGAGTCATCGATTAACTTTATTATTAAAGACTGAAGAGGTGTATATTAATGTATCGATTAAATAAGGAGGAATAAA
m444,0.245,GGGTTGTTGACGACTAATCATCCGGCTCGTGTAATATGTGGGATCGTGAGCGGATGACAATCTCGCACAGGAAGCAACGCCGCCGAGAAGAAGCGGAGCGGCACTGCTCCTTAACGACTTATCAGACAATCTGTGTGGGCACTCGACCGGAGTCATCGATCAGCTTCATCATTAAAAATTAAAGAGGCGCATATTAATGTATCGATTAAGTAAGGGGGAATAAA
m445,0.327,GGGCTGTTGACAATCAATCACCCAGTTCGTACGATGTGTGGAATTGTGAGCGGGTGACAATTTCACACGGGAAACAGCGCCGCTGAGGAAAAGCGAAGCGGCACTGCTCTTTAACAATCTATCAGACAATCTGTGTGGGCACTCGACCGGGGTCATCGATTAACTTTACTATTGAAAATTAAAGAGGTGTACATTGGTGCATCGATTAGATGAGGAGGAGTAGG
m447,0.019,GAGCTGTTGACAACTGATCACCCGGCTCGTATAATGCGTGGAGCTGCGAGCGGATAACAATTTCACACAGGAGACAGCGCCACTGAGAAAAAACGAAGCGGCACTGCTCTCTAGCAGTCTATCAGGCAATCTGTGTGGACGCTCGACCGGGATTATCGATTAACTTTATTATTAGGGGTTAAAGAGGTACATATTAACGTATCGGTTAAATAAGGAGGGATAGA
m449,0.237,GAGCTGTTGACAATTAATCATCCGGCTCGTATAGTGTGTGGAGTTGTGAGCGGATGACAGTCTCGCACAGGAAACAGCGCCGCTGGGAAAAAGCGAAGCGGCACTGCTCTTTAACAATTTATCAGACGATCTGTGTGGGCGCCCGACCGGAATCATCGGTTAACTTTATTACTAAAAACTAGAGAGGTATATATTAATGTATCGATTAAATAAGGAGGAATGAA
m454,0.509,GAGCTGCTGGCAGTTGATCGTCCGGCTTGTATAATGTGTGGAGTTGTGAGCGGATAACAATCTCACGCAGGGAACAGCGCCGCTGAGGAGAAGCGAAGCAACACTGCTCTTTAACGATTTATCAGACAATCTGTGTGGGCGCTCGGCCGGAATTATCGATCAACTTTACTATTAAGAATTAAAGGGGTATATATTAATGTATCGACTAAATAAGGAGGAGTAAG
m459,0.468,GAGCTGTTGACAGTTAGTCATCCGGCTCGTATAATGTGTGGGGCTGCGAGCGGACAACAGTTTCGCACAGGAAACAGCGCCGCTGAGAGAAAGCGAAGCAGCACTGCTCTCTAACAGTTTATCAGACAATCTGTGTGGGCACTCGACCGGGGTTATCGGTTAACTTTATCATTAAAAATTGAGGGGGTATGTACTAATGTGTCGGCTAAATAAGGAGGGATGAG
m460,0.183,GAGCTGTTGACAATTAATCATCCGGCTCGTATAGCGTGTGGAATTGTGAGCGGATAATAATTCCACACAGAAAACCGCGCCGCTGAGGAAAAACGAAGTGGCGCTGCTCTTTAGCAATTTATCGGACAACCTGTGTGGGCACTCGACCGGGATTATCAATTAGCTTTATCATTAAGAATTGAAGAGGTGTATACTCGTGTGTCGATTAGATGAGGAGGAGTAAG
m463,0.610,AAGCTGTTGACAATTAACCATCCGGCTTGTATGATGTGCGGAATTGTGAGCGGATAACAATTCCACACAGGAGATAGCGCCGCTGAGGAAAAGCGGAGCGGCACTGCCCTTTAGCAATTTGTCAGACAACCTGTGTGGGCACTCGACCGGAGTTGTCGATTAACTTTATTACTGAAGATTAGAGAGGTATATATTAATGTACCGGTTAAACAAGGAGGAATAAA
m473,0.070,GAGCTGCTGACAATTAATCATCCGGCCCGTATAATGTGTGGGACCGTGGGCGGATAGCAGTTTTACACAGGAAACAACGCCGTTAAGAAAGAGCGAAGCGGCGCTGCGCTTTAACAACTTGTCGGACAATCCGTGTAGACACTCGACCGGAGTTATCGATTAACCTTATTGTTAAGAACTAAAGAGGTGTGTATTAATGTATCGACTAAGTAAGGAGGAATAAA
m477,0.265,GAGCTGCTGACTATTAACCACCCGGCTCGTATAATGTGTGGAATTGTGAGCGGATAACAATTTCACACAGGAAACAGCGCCGCTGAGAAAAAGCGAAGCGGCACTGCTCTTTAACAACTTATCAGACAATCTACGTGGGCACTCGACCGGAGTTATCGATTAACTTTGTTGTTAAAAATTAAAGAGGTATACATTAATGTATCGATTAAATGAGGAGGAATAAA
m479,0.067,GAGCTGCTGACAATTAATCATCCGGCCCGTATAATGTGTGGGACCGTGGGCGGATAGCAGTTTTACACAGGAAACAACGCCGTTAAGAAAGAGCGAAGCGGCGCTGCGCTTTAACAACTTGTCGGACAATCCGTGTAGACACTCGACCGGAGTTATCGATTAACCTTATTGTTAAGAACTAAAGAGGTGTGTATTAATGTATCGACTAAGTAAGGAGGAATAAA
m483,0.528,GAGCTGTTGACAACTAACCATCCGGCTCGTATAACGTGTGGAATTGTGAGCGGATAACAACTTCACGCAGGGGATAGCGCCGCTGAGAAAAGGCGAAGCGGCACTGCTCTTTAACAATTTATCAGACAATCTGTGCGGGCACTCGACCGGAGTTATCGATTAACTTTATTATCAAAAGCTAAAGAGGTATATATTAATGCATCGATTAAGTAAGGGGGAATAAA
m484,2.740,GAGCTATTGACAATTAATCATCCGGCTCGTATAATGTGTGGAATTGTGAGCGGATAACAATTTCGCACAGGAAACAGCGCCGCTGAGAAAAAGCGAAGCGGCACTGCTCCTTAACAATTTACCAGACAATCCGTGTGGGCACTCGACCGGAATTATCGGTTAACTTTACTATTAAAAGTTAAAGAGGTATGTATCAATGTATCGATTAAATAAGGAGGAATGAA
m489,0.167,GGGCTGTTGACGATTAATCATCCGGCTCGTACAATGCGTGGAACCGTGAGCGGATAACAACTTCACACAGGAAGCAGCGCCGCTGAGGAAAAGCGAAGCAGCATTGCTCTTTAGCAACTCATCAGACAATCTGTATGGACACTCGACCGGGATTATCGATTGGCCTCGCTATTAAGAATTAAAGAGGTGTACACTAATGCATCGATTGGATAAGGAGGAATGGA
m491,1.071,GAGCTGTTGACAGTTAATCACCCGGCCCATATAATGTGTGGAATTGTGAGCGGATGACAACTTCACACGGGGAACAGCGTCGCTGAGGAAGAGCGAGGTGGCACTGCTCTTTAGCAATTTATCAGACAGTCTGTGTGGGCACTCGACCGGAATTATCGACTAACTTTATTATTAAGAGCTGAAGGGGTATGTATCAATGTATCGGTTAAGCAGGGAGGAGTAAG
m501,1.076,GAGCTGCTGACAATTAGCCATCCGGCTCGTATAATGTGTGGAGTTGTGGGCGGATAACAGTTTCACACAGGGAGCAGCGCCGCCGAGAAAAAGCGAAGCGGCACTGCTCTTTAACAATTTATCAGGCAATCTGCGTGGGCACTCGACCGGAATTATCGATTGACTTTATTATTAGAAGCTGGAGAGGTGCGTATCAACGTATCGACTAAATAAGGAGGAATAAA
m505,2.469,GAGCTGTTGACAATTGATCATCCGGCTCGTATAATGTGTGGAATTGTGAGCGGATAACAACTTCACACAGGAAACAGCGCCGCCGAGAAGAAGCGGAGCGGCACTGCTCTCTAACGATTTGCCAGACAGCCTGTGTGGGCACTCGACCGGAGTCATCGATTAGCTCTATTATTGAAAACCAGAGAGGTATGTACTAATGTATCGACCAAGTAAGGAGGAGTAAG
m509,0.033,GAGCTGTTGACAACTAATCGTCCGGCTCGTATAGTATGTGGAACTGTGAGCGGATAACAACTTCACACAGGAAACAGCGCTGCTGAGAGAAAGCGAAGCGGCGCTGCTCTTTAACAATTTATCAGACAACCTGTGTGGGCACTCGACCGGAATTATCGATCAACTTTATTACCAAAAGTCAAAGAGGTGTGCACTGGCGTATCGGTTAGACAAGGAGGAGTAAA
m510,0.432,GAGCTGTTAACAATTAATCATTCGGCTCGTATAATGTGTGGAATCGTGAGCGGACAATAATTTCACGCGGGAAACAGCGCCGCTGAGGGAAAGCGAAGCGGCACTGCTCTTTAACAATTTATCAGACAGTCTGTGTGGGCACTTGACCGGAGTTACCGATCAACCTTATCACTAAGAATCAAAGAGGTATACACTAACGTATCGATTAAGCAAGGAGGAGTAAA
m514,0.174,GGGCTGTTGACAGTTAATCATCCGGCCCGTATAATGTGTGGAATCGTGAGCGGATAACAACTTCACGCAGGAAACAGCGCCGCTGAGAAAAAGCGAAGCGGCACTGCTCTTTAACAATTTATCAGACAACCTGTGTGGGCACTCGACCGGAATTACCGATTAACTTTACTATCAAAAACTAGAGAGGTATATATTGGTGCATCGATTAAGTAAGGAGGAATAAA
m517,0.238,AAGCCGTTGGCAGTTAGCCATCCGGCCCGTGTAATGTGTGGAACTGTGAGCGGATAACAATTTCACACAGGAAACAGCGCCGCTGAGAGAGAGCGAGGCGGCACTGCTCTCTAATGGTTTATCAGACAATCTGTGTGGGCACTCGACCGGAGTTATTGACTAACTTTATTGTTAAAAATTAAAGGGGCATATGCTAATGTACCGATTAAGTAAGGAGGAATGGA
m520,0.158,GAGCTGTCGACAATTAGTCACCCGGTTCGTATAATGTGTGGAATTGTGAGCGGATAACAATTTCACACAGGAAACAGCGCCGCTGAGAAGAAGCGGAGCGGCACTGCTCTCTAACAACTTATCAGACAGTCTGCGTGGGCGCTCGACCGGAATTATCGATCAACTTTACCATTAAGAATTAAAGAGGTATATGTCAATGTATCGATCAAGTAAGGAGGAATAAA
m521,0.734,GAGCTGTTGACAATTAGCCATCCGGCTCGTATAATGTGCGGGGTTGTGAGCGGATAACAGTTTCACACAGGAAACAGCGCCGCTGAGAAAGAGCGAAGCGGCACTGCTCCTCAACAATTTACCAGACAATCTGTGTGGGCACTCGACCGGAATTATCGATTAACTTTATTATTAAAAATTGAAGAGGTATACACCAATGTACCGGTTGAATAGGGAGGGATAAA
m524,0.396,GGGCCGTTGGCAGCTAATTACCCGGCTCGTATGGTGCGTGGAGTCGTGAGCGGATAGTAACCTCGCGCAGGAGGCGGCGCCGCCGAGGGGAAGCGGAGCGGCACTGCTCTTTAACAATCTATCAGACAATCTGTGTGGGCACTCGACCGGAGTTATCGACTAACTTTGTTACTGAGAATTAAAGAGGTATACACTAATGTACCGACTAAGTAAGGGGGAATAAA
m526,1.345,GAGCCGTTGATAATTAATCATCCGGCCCGTATAATGTATGGAGCTGTGAGCGAGTAACAATTTCACACAGGAAACAGCGCCGCTGGGAAAGAGCGAAGCGGCACTGCTCTTCAACAATTTATCAGACAACCTGTGTGGGCACTCGACCGGAATTATCGACTAACTCTGCTACTAAAGATTAAAGAGGTATATATTAATGTATCGATTAAGTAAGGAGGAATAAA
m534,0.154,GAGCTGCTGACAATTAATCACCCGGCTCGTATAATGTGTGGAATTGTGAGCGGATAACAATTTCACACAGGAAGCAGCGCCGCTGAGAAAAAGCGAAGCAGCACTGCTCTTTAGCAACTTGTCAGACAATCTGTGTGGGCACCCGACCGGAATCATCGACTAACTTCATTACCAAAAGTTAAAGAGGCATATATTAATGTATCGATTAAATAAGGAGGAATGAA
m542,0.093,GAGCTGTTGACAATTAATCATTCAGCTCGTGTGATGTGTGGAATTGTGAGTGGATAACAGTTTCACACAGGAAACAGCGCCGCTGAGAGGGGGTGAAGCGGCACTGCTCTTTGACAATTTATCAGACAGTCTGTGTGGGCACTCGACCAGGGTTATCGATTAACCTCATTATTAAGAATTAGAGAGATATCTATCGATGTATTGGTTAAATAAGGAGGAGCAGA
m545,0.094,GAGCTGTTGACAATTAATCATCCGGCTCGCATAATGTGTGGAATTGTGAGCGGATAACAATTTCACACAGGAAACAGCGCTGCTGAGAAAAAGCGAAGCGGCACTGCTCTTTAACAATTTATCAGACAATCTGTGTGGGCACTCGACCGGAATTATCGATTAACCTTATTGTTAGAGATTAAAGAGGTATGTGGTAATGTATCGATTGAATAGGGAGGAGTGAA
m546,1.224,GAGCCGTTGACAACTAATCATCCGGCTTGTATAATACGCGGAGCTGTGAGCGGATAACAATCTCATACAGGAAACAGCGCCGTCGAGAAAAGGCGAAGCGGCACTGCCCTTTAACAATTTATCAGACAATCCGTGTGGGCACTCGATCGGAATTATCGATCGACTTTATTATTGAAAATTAAAGAGGTACATGCTACTGTATCAATTAAATAAGGAGGAGTGAA
m548,0.145,GAGCTGCTGACAATTAGTCGTCCGGCTCGTATAATGTATGGGATTGTGAGCGGATAACAATTTCGCATAGGAAACAACGCCGCTGAGAAAAAGCGAAGCGGCACTGCTCTTTAACAATTTACCAGGCAATCTGTGTGGGCACTCGACCGGAATTATCGACTAACTTTACTACCAAAAATCAAAGAGGTCTACATTGATGCATCGATTAAATAAGGAGGAATAAA
m552,0.062,GAGCTGTCGACAATTAGTCATCCGGCTCGTATAATGTGTGGAATTGTGAGCGGATAACAATTTCACACAGGAGACAGCGCCGCTGAGAAAAAGCGAAGCGGCACTGCTCTTCAACAATTTATCAGACAATCTGTGTGGGCACCCGACTGGGATTATCGATTAATTTTGTTATTAAAAGCTAAAGAGGCATATATTAGTGCACCGACTAAATAAGGAGGGATAAG
m565,2.848,GAGCTGTTGACAATTAATCATCCGGCTCGCATAGTGTGTGGGACTGTGAGCGGACAGCAATTTCACACAGGAGACAACGCCGCTGAGAAAAGGCGAAACGGCGCTGCGCTTTAACAATTTATCAGACAATCTGTGTGGGCACTCGACCGGAATTATCGATTAACTTTATTACCAAGAACTAAAGAGGTACATATTAATGCATCGATTAGGTAAGGAGGAATAAA
m566,0.208,GAGCTGTTGACAATTAATCATCCGGCTCGTATAATGTGTGGAATTGTGAGCGGATAACAGTTTCGCACAGGAAACAGCGCCGCTGAGGAAAAGCGAAGCGGTACTGCTCTTCAACAGCTTATCAGACGATCCGTGCGGGCACTCGGCCGGAATTATCGATTAACTCTGTCATTAAAAATCAAAACGGTATATACTAATGTATCGACTAAGTGAGGAGGAATAGA
m573,0.791,GAGCTGTTGACAATTGATCGCCCGGCCCGTGTAATGCGTGGAATTGTGGGCGGACAACAATTTCACGCAGGAAACAGCGCCGCTGAGCAGAAGCGAAGCGGCATTGCTCTCTAACAACTTATCAGACAATCCGTGTGGGCACTCGACCGGAATTATCGATTGACTTTATCATTAAAGGTTAAAGAGGTAGATATTAATGTACCGATTAAATAAAGAGGAACAAA
m580,0.014,GAGCTGCTAACAATTGATCATCCGGCTCGTATAATGTGTGGAGCTGTGAGCGAATAACAATTCCACATAGGAAACAGCGCCGCTGAGAAAGAGCGAAGCGGCACTGCTCTTTAACAACTTATCAGACGACCTGTGTGGGCACTCGACCGGGACTATCGATTGACTTTATGGTCAAGAATTAAGGAGGTATATATCAATGTATCGATCAAACAAGGAGGAGTAAG
m585,0.105,GAGCTGTCGACAGCTAATCATCCGGCTCGTATAATGTGTGGAATTGTGAGCGGATAACAGTTTCACACAGGAAGCAGCGCCGCTGAGAAAAGGCGGAGCGGCACTGTTCTTTAGCGATTTATCAGATAATCCGTGTGGGCACTCGACCGGAACTATCGATCAACTTTATTGTTAAAAATCAAAGGGGCATCTATTGATGTATCGATTAAACAAGGGGGAATAGA
m586,0.106,GAGCTGTTGACAATCAATCATCCGGTTCGTATAATGTGCGGAATTGCGAGCGGATAACAATTTCACACAGGAAACAGCGCCGCTGAGGAGAAGTGAGACGGCGCTGCTCTTTAACAATTCATCAGACAGTCCGTATGGGCACTCGACTGGAATTATCGATCAACTTCACTATTAGAAATCAAAGAGGTGCACATTAGTGTACCGACTAAATAGGGAGGGATAAA
m587,0.606,GAGCTGTTGACAATTAATCATCCGGCTCGTATAATGTGTGGAGTTGTGAGCGGATAACAATTTCACACAGGAAACAGCGCCGCTGAGAAAAAGCGAAGCGGCACTGCTCCTTAGCAGTTCACCAGACGACCTGTGTGGGCGCTCGACCGGAGTTATCGATTAACTTGATTATTAAGAGTTAAAGGGGTATATATTAATGTATCGATTAAATAAGGAGGGATAAA
m590,0.076,GAGCTGTTGACAATTAATCGTCCGGCTCGTATAGTGTGTGGAATTGTGAGCGGATAACAATTTCACACAGGAAACAGCGCCGCTGAGAGAAAGCAAAGCGGCACTGCTCTTTCACAATTTATCAGACAGTCTATGTGGGCACTCGACCGGAATTATCGATTAACTTTATTACTAAAGATTAAAGAGGTATATATTAACGCGTCGGCTAGACGAGGGGGAACAAA
m591,0.090,GAGCTGTTGACAGCTAACCATCCGGCCCGTGTAGCGTGTGGAATTGTAAGCGGATGACAATTTCACACGGGAAACGGCGCCGCTAAGAAGAAGCGAAGCGGCACTGCTCTTTAACAATTTATCGGGCAATCCGTGTGGGCGCTCGACCGGAATTATCGATTAACTTCATTATTAGAAACTAGAGAGGTATATACTGATGTATCAATTAGATGAGGAGGAATAAA
m599,0.001,GAATTGTTGACAATTAATCACTCGGCTCGTATAGTACGTGGAATTGTGAGCGGATAACAGCTTCACACAGGGAACGGCGCCGCTGAGAAAGAGCGAAGCGGCACTGCTCTTTGACAATTTGTCAGACAATCTGTGTGGGCACTCGACTGGAATTATCGATTAACTTTGTTATTAAAAATTAAAGAGGTATGTATTGGTGCATTGGTTGAATAAGGAGGAATAAG
m606,0.018,GAGCTGCTGACCATTAGCCATCCGGCTCGTATAGTGTATGGAATTGTGAGCGGATAACGATTTCACACAGGAAACAGCGCCGCTGAGAAAAAGCGAGGCGGCACTGCTCTTTAACAATTTATCAGACAATCTGTGTGGGTACTCGACCGGAATTATCGGTTAACTTTACCATTAAAAATTAAAGAGGTACATATTGATGTATCGATTAAATAAGGAGGGATAAA
m626,0.640,GAGCTGTTGACAATTAATCCTCCGGCTCGTATAATGTGTGGAATTGTGAGCGGATAACAATTTCACACAGGAAACAGCGCCGCTGAGAAAAAGCGAAGCGGCACTGCTCTGTAACAATTTATCAGACAATCTGTGTGGGCACTCGACCGGAATTATCGATTAACTTTATTATTAACAATTAAAGAGGTATATATTAATGTATCGATTAAATAAGGAGGAATAAA
m629,0.395,GAGCTGTTGACAATTAATCATCCGGCTCGTATAATGTGTGGAATTGTGAGCGGATAACAATTTCACACAGGAAACAGCGCCGCTGAGCAACAGCGAAGCGGCACTGCCCTTTAACAATTTATCAGACAATCTGTGTGGGCACTCGACCGGAATTATCGATTAACTTTATGATTCAAAATTAAAGAGGTATATATTAAGGTATCGATTAAATAAGGAGGAATAAA
m640,0.366,GAGCTGTTGACAATTAATCATCCGGCTCGTATAAGGTGTGGAACTGTGAGCGGATAACCATTTCACACAGGAAACAGCGCCGCTGAGAAAAAGCGAAGCGGCACTGCTCTTTAACAATTTATCAGACAATCTGTGTGGGCACTCGACCGGAATTATCGATTAACTTTATGATTAAAAATTAAAGAGGTATATATTAATGTATCGATTAAATAAGGAGGAATAAA
m647,0.176,GAGCTGTTGACAATTAATCATCCGGCTCGTATAATGTGTGGAATTGTGAGCGGATAACAATTTCACACAGGAAACAGCGCCGCTGAGAAAAAGCGAAGCGGCACTGCTCTTTAACAATTTATCAGACAATCTGTGTGGGCACTCGACCGGAATTATCGATTCACTTTATTATTAAAAATTAAAGAGGTATATATTAATGTAGCGATTAACTAAGGAGGCATAAA
m659,0.910,GAGCTGTTGACAATTACTCATCCGGCTCGTATAATGTGTGGAATTGTGAGCGGATAACAATTTCACACAGGAAACAGCGCCGCTGAGAAAAAGCGAAGCGGCACTGCTCTTTAACAATTTATCAGACACTCTGTGTGGGCACTCGACCGGAATTATCGATTAACTTTATTATTCAAAATTAACGAGGTATATATTAATGTATCGATTAAATACGGAGGAATAAA
m664,0.106,GCGCTGTGGACAATTAATCATCCGGCTCGTATAATGTGTGGAATTGTGAGCGGATAACAATTTCACACAGGAAACAGCGCCGCTGAGAAAAAGCGAAGCGGCACTGCTCTTTAACCATTTATCAGACAATCTGTGTGGGCACTCGACCGGAATTATCGATTAACTTTATTATTAAAAATTAAAGAGGTATATATTAAGGTATCGATTAAATAAGGAGGAATAAA
m670,0.631,GAGCTGTGGACAATTAATCATCCGGCTCGTATAATGTGTGGAATTGTGAGCGGATAACAATTTCACACAGGAAACAGCGCCGCTGAGAAAAAGCGAAGCGGCACTGCTCTTTAACAATTTATCAGACAATCTGTGTGGGCACTCGACCGGAATTATCGATTAACTTTATTATTAAAAATTAAAGAGGTATATATTAATGTATCGATTAAATAAGGAGGAATAAA
m675,0.880,GAGCTGTTGACAATTAATCATCCGGCTCGTATAATGTGTGGAATTGTGAGCGGATAACAATTTCACACAGGACACAGCGCCGCTGAGAAACAGCGAAGCGGCACTGCTCTTTAACAATTTATCAGACAATCTGTGTGGGCACTCGACCGGAATTATCGATTAACTTTATTATTAAAAATTAAAGAGGTATATATTAATGTATCGATTCAATAAGGAGGAATAAA
m701,0.847,GAGCTGTGGACAATTAATCATCCGGCTCGTATAATGTGTGGAATTGTGAGCGGATAACAAGTTCACACAGGAAACAGCGCCGCTGAGACAAAGCGAAGCGGCACTGCTCTTTAACAATTTATCAGACAATCTGTGTGGGCACTCGACCGGAATTATCGATTAACTTTATTATTAAAAATTAAAGAGGTATATATTAATGTATCGATTAAATAAGGAGGAATAAA
m702,1.947,GAGCTGTTGACAATTAATCATCCGGCTCGTATAATGTGTGGAATTGTGAGCGGATAACAATTTCACACAGGAAACAGCGCCGCTGAGAAAAAGCGAAGCGGCACTGCGCTTTAACAATTGATCAGACAATCTGTGTGGGCACTCGACCGGCATTATCGATTAACTTTATTATTAAAAATTACAGAGGTATATATGAATGTATCGATTAAATCAGGAGGAATAAA
m705,0.987,GAGCTGTTGACAATTAATCATCCGGCTCGTATAATGTGTGGAATTGTGAGCGGATAACAATTTCACACAGGAAACAGCGCCGCGGAGAAAAAGCGAAGCGGCACTGCGCTTTAACAATTTATCAGACAATCTGTGTGGGCACTCGACCGGAATTATCGATTAACTTTATTATTAACAATTAAAGAGGTATATATTAATGTATCGATTAAATAAGGAGGAATAAA
m706,1.754,GAGCTGTTGACAATTAATCATCCGGCTCGTATAATGTGTGGAATTGTGAGCGGATAACAATTTCACACAGGAAACAGCGCCGCTGAGAAAAAGCGAAGCGGCACTGCTCTTTAACAATTTATCAGACAATCTGTGTGGGCACTCGACCGGAATGATCGATTAACTTTATTATTAAAAATTAAAGAGGTATATATTAATGTATCGATTAGATAAGGAGGAATAAA
m708,2.722,GAGCCGTTGACAATTAGTCACCCGGCTCGTATGATGTGCGGAATTGTGAGCGGATAACGATTTCACACGGGAAACAGCGCCGCTGAGAAAGAGCGAAGTGGCACTGCTCTTCAACAATTTGTCAGACAACCCGTGTGGGCACTCGACCGGAATTGTCGATTAACTTTATCGTTAAAGATTAAAGAGGCACATATTAATGTGTCGATTAAATGAGGAGGAGTAGA
m709,2.056,GAGCTGTTGACAATTAATCATCCGGCTCGTATAATGTGTGGAATTGTGAGCGGATAACAATTTCACACAGGAAACAGCGCCGCTGAGAAAAAGCGAAGCGGCACTGCTCTTTCACAATGTATCAGACAATCTGTGGGGGCACTCGACCGGAATTATCGATTAACTGTATTCTTACAAATTAAAGAGGTATCTATTAATGTATCGAGTACATAAGGAGGAATAAA
m710,1.390,GAGCTGTTGACAATTAATCATCCGGCTCGTATAATGTGTGGAATTGTGAGCGGATAACAATTTCACACAGGAAACAGCGCCGCTGAGAAAACGCGAAGCGGCACTGCTCTTTAACAATTTATCAGACAATCTGTGTGGGCACTCGACCGGAATTAGCGATTAACGTTATTATTAAAAATTAAAGAGGTATATATTAATGTATCGATTAAATAAGGAGGAATAAA