Sequence;ID;Ptai-expression
GAGTGTAACGCCTGTAG;SPA176_1;0.000109552
CGTGTACTGTGTACGGT;SPA76_1;0.015581384
ACATTGTGACAATTTGG;SPA114_1;0.016224539
CCCCTCTTGACTTATTA;SPA88_1;0.017000336
CTCACCAGCCTACTCGG;SPA108_1;0.017339627
GCCAATACGGTTTCTGC;SPA92_1;0.018221893
AGTTCTAAGGTTTTTGG;SPA147_1;0.019174495
ATTAGTATGGGGCAAGG;SPA91_1;0.019721956
GGCTCATCTACTTCTGC;SPA166_1;0.019722005
GTTGATAATTTGTCATA;SPA187_1;0.019820995
TTGCCACATTGACCTGG;SPA90_1;0.020103204
TCTCGATGCAATTCCTG;SPA138_1;0.020234197
CTGTTTATTCTTTTTGA;SPA184_1;0.020549256
AACTTTTATCTTTCGAG;SPA139_1;0.020565487
TTATTTTAATTTCGCGA;SPA162_1;0.020905287
GGCGCGCTGTTTTAGTT;SPA148_1;0.021353257
CGCGACGCCTATTAGGG;SPA179_1;0.021370647
TATGAAATATTATCTTG;SPA136_1;0.022721601
ACTGTGTTTGTTTATTA;SPA94_1;0.022806077
TTTGTTTGAAACTATAT;SPA177_1;0.023170993
GGATACAATAATGACTA;SPA175_1;0.023219999
TGGTAATGAAGCCGGTG;SPA79_1;0.023783208
TTTCCTGACGTTATTGG;SPA146_1;0.023870995
TTACTACTCAGCTCATG;SPA89_1;0.024211366
TCCCCGGGTGGAAATTT;SPA160_1;0.024636036
CTTTTCAAAGTACCAGT;SPA95_1;0.025019433
ACTCTATCCGCAAGCGA;SPA140_1;0.02522699
CCGCCAATTTTTCGGGG;SPA135_1;0.025615262
AGGGAGTTCGGAGGTGT;SPA80_1;0.026004109
ATCTGTGTTTTTCCGTC;SPA189_1;0.02617536
TTGCGGTATTGCTAGTT;SPA83_1;0.026354
AGGCTCTCGCGGCCAGG;SynPro42_1;0.026696905
TTGCAGTTTTGCTCATG;SPA99_1;0.026828995
TATCTTCATTGGTGCAT;SPA85_1;0.027329104
GTAGGGCGGAAAGTAGA;SPA137_1;0.027984995
AGATGGTTTTGCCAAAG;SPA116_1;0.028160904
TATGCACTCGCATCGGT;SPA156_1;0.028694708
CAATCTACAATGTGTAG;SPA142_1;0.028892349
CTACTCTTTTAACGTTG;SPA188_1;0.029254335
CTACAGTGTGGGTCTGG;SPA134_1;0.030173949
TTGGTGAGACATTGGGG;SPA117_1;0.030525999
ATGGCGGCGTATGTGCT;SPA174_1;0.030641113
TCACGCCTGGCAAACGA;SPA115_1;0.030673377
TAGCTACGGGTTTGGTT;SPA84_1;0.031177762
CGTTGATTTTGTTCGGG;SPA159_1;0.032150184
AGGGACGTTCTGCGAGG;SPA86_1;0.032340082
CTGTACTGAGACATTGC;SPA112_1;0.032387152
GGGGGCGCGAATCGGTG;SPA172_1;0.033181796
TGTCTGGGAGGTGGATG;SPA161_1;0.033432783
ACACTATTTTTTGATAC;SPA75_1;0.033468726
CGCCTTCAGGTGGCGTG;SPA173_1;0.034627832
GAGCTTCAGCGGCATAG;SPA181_1;0.035312032
AGTACCCTGGATCCGTG;SPA96_1;0.037977315
TTGCGGTCTGTGGGTGG;SPA82_1;0.0389366
ATCCACAAGGACATCTG;SPA113_1;0.04003921
ACGCGTCCACGTGGGGG;SPA81_1;0.040571937
