Strain ID;Sequence;Ecol-Expression;Ecol-Stdev;Ptai-Expression;Ptai-Stdev
SynPro35_1;TTTATTTGACATGCGTGATGTTTAGAATTATAATTTGGGG;0.037088241;0.004255085;0.015697623;0.001493481
SynPro42_1;GCCCATTGACAAGGCTCTCGCGGCCAGGTATAATTGCACG;0.057055606;0.025066408;0.02927038;0.003030956
SPA75_1;GCCCATTGACAACACTATTTTTTGATACTATAATTGCACG;0.049126301;0.000119923;0.029696357;0.001611843
SPA76_1;GCCCATTGACACGTGTACTGTGTACGGTTATAATTGCACG;0.018341894;0.001124101;0.017103494;0.000569775
SPA79_1;GCCCATTGACATGGTAATGAAGCCGGTGTATAATTGCACG;0.03679765;0.005442052;0.022177016;0.006509202
SPA80_1;GCCCATTGACAAGGGAGTTCGGAGGTGTTATAATTGCACG;0.00285277;0.000118175;0.024959549;0.002972129
SPA81_1;GCCCATTGACAACGCGTCCACGTGGGGGTATAATTGCACG;0.042919897;0.003562153;0.040164882;0.001411461
SPA82_1;GCCCATTGACATTGCGGTCTGTGGGTGGTATAATTGCACG;0.044778133;0.000200048;0.037805305;0.000916521
SPA83_1;GCCCATTGACATTGCGGTATTGCTAGTTTATAATTGCACG;0.04431936;0.000246191;0.026354;0.000452015
SPA84_1;GCCCATTGACATAGCTACGGGTTTGGTTTATAATTGCACG;0.044906937;0.002116203;0.02728585;0.002091614
SPA85_1;GCCCATTGACATATCTTCATTGGTGCATTATAATTGCACG;0.070067207;0.001666304;0.023468458;0.001655158
SPA86_1;GCCCATTGACAAGGGACGTTCTGCGAGGTATAATTGCACG;0.045293097;0.007135572;0.027416331;0.000778069
SPA88_1;GCCCATTGACACCCCTCTTGACTTATTATATAATTGCACG;0.048857209;0.000935565;0.016461357;0.000707203
SPA89_1;GCCCATTGACATTACTACTCAGCTCATGTATAATTGCACG;0.03733046;0.015596499;0.022710122;0.004292967
SPA90_1;GCCCATTGACATTGCCACATTGACCTGGTATAATTGCACG;0.047899003;0.001725604;0.020640273;0.000830633
SPA91_1;GCCCATTGACAATTAGTATGGGGCAAGGTATAATTGCACG;0.061649797;0.003043624;0.018772831;0.002172857
SPA92_1;GCCCATTGACAGCCAATACGGTTTCTGCTATAATTGCACG;0.017756823;0.003113644;0.018406511;0.001036669
SPA94_1;GCCCATTGACAACTGTGTTTGTTTATTATATAATTGCACG;0.039133036;0.001406857;0.021547658;0.001054261
SPA95_1;GCCCATTGACACTTTTCAAAGTACCAGTTATAATTGCACG;0.054592568;0.018852383;0.022865014;0.001130161
SPA96_1;GCCCATTGACAAGTACCCTGGATCCGTGTATAATTGCACG;0.035328769;0.000482741;0.036261014;0.002320735
SPA99_1;GCCCATTGACATTGCAGTTTTGCTCATGTATAATTGCACG;0.040293986;0.001656016;0.026828995;0.000376126
SPA108_1;GCCCATTGACACTCACCAGCCTACTCGGTATAATTGCACG;0.03741475;0.001585658;0.017339627;0.001419931
SPA112_1;GCCCATTGACACTGTACTGAGACATTGCTATAATTGCACG;0.053797584;0.005742915;0.030707279;0.001584356
SPA113_1;GCCCATTGACAATCCACAAGGACATCTGTATAATTGCACG;0.045631136;0.006502295;0.034912259;0.002336381
SPA114_1;GCCCATTGACAACATTGTGACAATTTGGTATAATTGCACG;0.034450976;0.00341778;0.015969912;0.000444558
SPA115_1;GCCCATTGACATCACGCCTGGCAAACGATATAATTGCACG;0.041758585;0.002597463;0.027108566;0.001883211
SPA116_1;GCCCATTGACAAGATGGTTTTGCCAAAGTATAATTGCACG;0.051470952;0.001528881;0.028160904;0.000272668
SPA117_1;GCCCATTGACATTGGTGAGACATTGGGGTATAATTGCACG;0.035753615;0.005599322;0.028058645;0.001559784
SPA134_1;GCCCATTGACACTACAGTGTGGGTCTGGTATAATTGCACG;0.032625663;0.010516918;0.02810239;0.000804684
SPA135_1;GCCCATTGACACCGCCAATTTTTCGGGGTATAATTGCACG;0.035334205;0.002457717;0.025615262;0.000257347
SPA136_1;GCCCATTGACATATGAAATATTATCTTGTATAATTGCACG;0.04355213;0.003697686;0.017104219;0.002075837
SPA137_1;GCCCATTGACAGTAGGGCGGAAAGTAGATATAATTGCACG;0.076187817;0.002131609;0.027984995;0.001078958
SPA138_1;GCCCATTGACATCTCGATGCAATTCCTGTATAATTGCACG;0.031239046;0.000897789;0.019927319;0.00189696
SPA139_1;GCCCATTGACAAACTTTTATCTTTCGAGTATAATTGCACG;0.036658181;0.001844244;0.015623438;0.002426628
SPA140_1;GCCCATTGACAACTCTATCCGCAAGCGATATAATTGCACG;0.048476863;0.002685697;0.023092963;0.002321592
SPA142_1;GCCCATTGACACAATCTACAATGTGTAGTATAATTGCACG;0.032618141;0.002803521;0.024661677;0.000791927
SPA146_1;GCCCATTGACATTTCCTGACGTTATTGGTATAATTGCACG;0.036979989;0.001855325;0.023016791;0.00141523
SPA147_1;GCCCATTGACAAGTTCTAAGGTTTTTGGTATAATTGCACG;0.029451358;0.000237727;0.025205624;0.002589849
SPA148_1;GCCCATTGACAGGCGCGCTGTTTTAGTTTATAATTGCACG;0.034852869;0.005887443;0.017322333;0.00026382
SPA156_1;GCCCATTGACATATGCACTCGCATCGGTTATAATTGCACG;0.035246211;0.001908838;0.02710607;0.000604058
SPA159_1;GCCCATTGACACGTTGATTTTGTTCGGGTATAATTGCACG;0.038354351;0.004543451;0.031863731;0.001206748
SPA160_1;GCCCATTGACATCCCCGGGTGGAAATTTTATAATTGCACG;0.057066203;0.000927423;0.021831727;0.002665158
SPA161_1;GCCCATTGACATGTCTGGGAGGTGGATGTATAATTGCACG;0.051739508;0.001628238;0.032285659;0.004164507
SPA162_1;GCCCATTGACATTATTTTAATTTCGCGATATAATTGCACG;0.037826028;0.00569605;0.019136573;0.001657103
SPA166_1;GCCCATTGACAGGCTCATCTACTTCTGCTATAATTGCACG;0.055786349;0.003474691;0.019851928;0.001162265
SPA172_1;GCCCATTGACAGGGGGCGCGAATCGGTGTATAATTGCACG;0.03212902;0.006657442;0.034504972;0.00186823
SPA173_1;GCCCATTGACACGCCTTCAGGTGGCGTGTATAATTGCACG;0.051471038;0.00340473;0.034627832;0.002774311
SPA174_1;GCCCATTGACAATGGCGGCGTATGTGCTTATAATTGCACG;0.053052398;0.004300701;0.030641113;0.000423295
SPA175_1;GCCCATTGACAGGATACAATAATGACTATATAATTGCACG;0.050114323;0.000179309;0.020027028;0.000574054
SPA176_1;GCCCATTGACAGAGTGTAACGCCTGTAGTATAATTGCACG;0.000676863;0.000908566;0.000192681;0.000137556
SPA177_1;GCCCATTGACATTTGTTTGAAACTATATTATAATTGCACG;0.026515471;0.006933488;0.022001674;0.000703623
SPA179_1;GCCCATTGACACGCGACGCCTATTAGGGTATAATTGCACG;0.038131509;0.002618524;0.02089368;0.003187298
SPA181_1;GCCCATTGACAGAGCTTCAGCGGCATAGTATAATTGCACG;0.042356231;0.005394575;0.03457384;0.000624622
SPA184_1;GCCCATTGACACTGTTTATTCTTTTTGATATAATTGCACG;0.043514004;0.004614301;0.017554853;0.00222372
SPA187_1;GCCCATTGACAGTTGATAATTTGTCATATATAATTGCACG;0.073543968;0.004636506;0.018045657;0.001662596
SPA188_1;GCCCATTGACACTACTCTTTTAACGTTGTATAATTGCACG;0.019659506;0.002489259;0.026299256;0.001492263
SPA189_1;GCCCATTGACAATCTGTGTTTTTCCGTCTATAATTGCACG;0.029445981;0.009650626;0.026842404;0.002469858
42_70_1;GCCCATTGCTTAGGCTCTCGCGGCCAGGTAGTATTGCACG;0.001930066;7.42211E-05;0.007789952;0.000528605
42_86_1;GCCCATTGCTTAGGCTCTCGCGGCCAGGTAGAATTGCACG;0.002397122;0.000197702;0.008410106;0.001448939
42_89_1;GCCCATTGCCTAGGCTCTCGCGGCCAGGTATGATTGCACG;0.018838676;0.002862561;0.009088008;0.001125082
42_98_1;GCCCATTTACTAGGCTCTCGCGGCCAGGTATGATTGCACG;0.002312468;8.81295E-05;0.005365586;0.000296656
42_99_1;GCCCATTGACCAGGCTCTCGCGGCCAGGTACGCTTGCACG;0.003415142;0.000591546;0.01613857;0.000582301
42_103_1;GCCCATTGATCAGGCTCTCGCGGCCAGGTATTATTGCACG;0.005429592;0.001379231;0.00424698;0.000277676
42_104_1;GCCCATTCGTTAGGCTCTCGCGGCCAGGTAGGCTTGCACG;0.000220492;1.95229E-05;0.000250853;1.80915E-05
42_137_1;GCCCATTGATAAGGCTCTCGCGGCCAGGTATCATTGCACG;0.003630233;0.00034199;0.013049945;0.000708155
42_145_1;GCCCATTGCTTAGGCTCTCGCGGCCAGGTACAATTGCACG;0.004984791;0.000320943;0.008902461;0.000893825
42_158_1;GCCCATTGACCAGGCTCTCGCGGCCAGGTACAGTTGCACG;0.009311857;0.001781035;0.023517743;0.001479164
42_159_1;GCCCATTGACCAGGCTCTCGCGGCCAGGTACGATTGCACG;0.008758957;0.00089785;0.006776228;0.000574189
42_168_1;GCCCATTGTGTAGGCTCTCGCGGCCAGGTATACTTGCACG;0.004728654;0.001075965;0.009335171;0.000432826
42_200_1;GCCCATTGATCAGGCTCTCGCGGCCAGGTATGATTGCACG;0.008741288;0.000214591;0.010083208;0.00044514
42_214_1;GCCCATTGACCAGGCTCTCGCGGCCAGGTAAAGTTGCACG;0.004334877;0.000951756;0.019549564;0.000902067
42_215_1;GCCCATTGCAAAGGCTCTCGCGGCCAGGTATGCTTGCACG;0.004346704;0.000552572;0.028556467;0.000867188
42_216_1;GCCCATTGACAAGGCTCTCGCGGCCAGGTAGTTTTGCACG;0.007573289;0.000224881;0.032370254;0.000376736
42_217_1;GCCCATTGCGGAGGCTCTCGCGGCCAGGTAGAATTGCACG;0.003189167;9.21863E-06;0.012139253;0.000516934
35_24_1;TTTATTTGACATGCGTGATGTTTAGAATTAAACTTTGGGG;0.022047334;0.0024968;0.007951868;0.000266048
35_25_1;TTTATTTGACCTGCGTGATGTTTAGAATTATAATTTGGGG;0.030617735;0.007772038;0.00429391;0.00109688
35_32_1;TTTATTTGTGGTGCGTGATGTTTAGAATTAGCATTTGGGG;0.000859877;0.000148558;0.00036018;6.10735E-05
35_44_1;TTTATTTGACATGCGTGATGTTTAGAATTACCCTTTGGGG;0.069998398;0.002064328;0.008363016;0.000198189
35_45_1;TTTATTTGTTGTGCGTGATGTTTAGAATTATTCTTTGGGG;0.001216601;4.55323E-05;0.000283639;3.71725E-05
35_47_1;TTTATTTGTTTTGCGTGATGTTTAGAATTATCGTTTGGGG;0.000630678;6.63596E-05;0.000247166;8.78537E-06
35_48_1;TTTATTTGACATGCGTGATGTTTAGAATTACACTTTGGGG;0.087789958;0.007218025;0.0093972;0.000810591
35_51_1;TTTATTTGACGTGCGTGATGTTTAGAATTAAAATTTGGGG;0.01771525;0.004186545;0.004662844;0.000146344
35_54_1;TTTATTTGTAATGCGTGATGTTTAGAATTAGACTTTGGGG;0.002645152;0.00020361;0.000768728;5.52964E-05
35_55_1;TTTATTTGCATTGCGTGATGTTTAGAATTACGGTTTGGGG;0.001269335;7.12647E-05;0.0003403;1.46312E-05
35_62_1;TTTATTTGTGCTGCGTGATGTTTAGAATTATTCTTTGGGG;0.003956672;2.49169E-05;0.000482883;0.000280054
35_63_1;TTTATTTGACATGCGTGATGTTTAGAATTATCCTTTGGGG;0.042957757;0.000342191;0.011850082;0.00058207
35_70_1;TTTATTTGATGTGCGTGATGTTTAGAATTACATTTTGGGG;0.001014707;2.0238E-05;0.000339883;7.47564E-05
35_71_1;TTTATTTGCTCTGCGTGATGTTTAGAATTATTGTTTGGGG;0.003134571;6.64557E-05;0.000339691;0.000138932
35_79_1;TTTATTTGCTGTGCGTGATGTTTAGAATTAGGGTTTGGGG;0.003129935;0.000186239;0.000258548;1.45641E-05
35_84_1;TTTATTTGCGTTGCGTGATGTTTAGAATTAGGGTTTGGGG;0.000769104;7.14114E-05;0.000515902;4.54367E-05
35_92_1;TTTATTTGACATGCGTGATGTTTAGAATTATCATTTGGGG;0.038162296;0.002886222;0.009439421;0.000269603
35_105_1;TTTATTTGACATGCGTGATGTTTAGAATTACCATTTGGGG;0.047781778;0.002878451;0.01097699;0.000743496
35_106_1;TTTATTTGACATGCGTGATGTTTAGAATTATGCTTTGGGG;0.039517263;0.000947083;0.011181825;0.000827245
35_110_1;TTTATTTGACGTGCGTGATGTTTAGAATTAAACTTTGGGG;0.066680771;0.005896374;0.003847389;0.000502225
35_119_1;TTTATTTGACATGCGTGATGTTTAGAATTATCATTTGGGG;0.029570058;0.000220425;0.014963289;0.003965361
35_131_1;TTTATTTGTTTTGCGTGATGTTTAGAATTAGTATTTGGGG;0.007699591;0.000397918;0.000463944;1.73228E-06
